county_fips,county_label,signal,value,date
13089,DeKalb (Egleston),completely_home_prop,0.4120068,2021-01-01
13089,DeKalb (Egleston),completely_home_prop,0.3322657,2021-01-02
13089,DeKalb (Egleston),completely_home_prop,0.3808533,2021-01-03
13089,DeKalb (Egleston),completely_home_prop,0.3779642,2021-01-04
13089,DeKalb (Egleston),completely_home_prop,0.3556932,2021-01-05
13089,DeKalb (Egleston),completely_home_prop,0.3620811,2021-01-06
13089,DeKalb (Egleston),completely_home_prop,0.368637,2021-01-07
13089,DeKalb (Egleston),completely_home_prop,0.3594957,2021-01-08
13089,DeKalb (Egleston),completely_home_prop,0.3665396,2021-01-09
13089,DeKalb (Egleston),completely_home_prop,0.3831986,2021-01-10
13089,DeKalb (Egleston),completely_home_prop,0.3801014,2021-01-11
13089,DeKalb (Egleston),completely_home_prop,0.3509803,2021-01-12
13089,DeKalb (Egleston),completely_home_prop,0.3354404,2021-01-13
13089,DeKalb (Egleston),completely_home_prop,0.3406332,2021-01-14
13089,DeKalb (Egleston),completely_home_prop,0.3231313,2021-01-15
13089,DeKalb (Egleston),completely_home_prop,0.3395231,2021-01-16
13089,DeKalb (Egleston),completely_home_prop,0.3507733,2021-01-17
13089,DeKalb (Egleston),completely_home_prop,0.3423076,2021-01-18
13089,DeKalb (Egleston),completely_home_prop,0.349265,2021-01-19
13089,DeKalb (Egleston),completely_home_prop,0.346571,2021-01-20
13089,DeKalb (Egleston),completely_home_prop,0.3765057,2021-01-21
13089,DeKalb (Egleston),completely_home_prop,0.3323514,2021-01-22
13089,DeKalb (Egleston),completely_home_prop,0.3176616,2021-01-23
13089,DeKalb (Egleston),completely_home_prop,0.3601521,2021-01-24
13089,DeKalb (Egleston),completely_home_prop,0.3554923,2021-01-25
13089,DeKalb (Egleston),completely_home_prop,0.3502761,2021-01-26
13089,DeKalb (Egleston),completely_home_prop,0.3625436,2021-01-27
13089,DeKalb (Egleston),completely_home_prop,0.346399,2021-01-28
13089,DeKalb (Egleston),completely_home_prop,0.336875,2021-01-29
13089,DeKalb (Egleston),completely_home_prop,0.3403427,2021-01-30
13089,DeKalb (Egleston),completely_home_prop,0.4097055,2021-01-31
13089,DeKalb (Egleston),completely_home_prop,0.4072283,2021-02-01
13089,DeKalb (Egleston),completely_home_prop,0.3702997,2021-02-02
13089,DeKalb (Egleston),completely_home_prop,0.3428441,2021-02-03
13089,DeKalb (Egleston),completely_home_prop,0.3568944,2021-02-04
13089,DeKalb (Egleston),completely_home_prop,0.3292239,2021-02-05
13089,DeKalb (Egleston),completely_home_prop,0.3342878,2021-02-06
13089,DeKalb (Egleston),completely_home_prop,0.348904,2021-02-07
13089,DeKalb (Egleston),completely_home_prop,0.3519319,2021-02-08
13089,DeKalb (Egleston),completely_home_prop,0.3411383,2021-02-09
13089,DeKalb (Egleston),completely_home_prop,0.3279223,2021-02-10
13089,DeKalb (Egleston),completely_home_prop,0.3502219,2021-02-11
13089,DeKalb (Egleston),completely_home_prop,0.3263183,2021-02-12
13089,DeKalb (Egleston),completely_home_prop,0.3201237,2021-02-13
13089,DeKalb (Egleston),completely_home_prop,0.3567751,2021-02-14
13089,DeKalb (Egleston),completely_home_prop,0.3659551,2021-02-15
13089,DeKalb (Egleston),completely_home_prop,0.3630739,2021-02-16
13089,DeKalb (Egleston),completely_home_prop,0.329714,2021-02-17
13089,DeKalb (Egleston),completely_home_prop,0.3440806,2021-02-18
13089,DeKalb (Egleston),completely_home_prop,0.3147505,2021-02-19
13089,DeKalb (Egleston),completely_home_prop,0.3009237,2021-02-20
13089,DeKalb (Egleston),completely_home_prop,0.3407892,2021-02-21
13089,DeKalb (Egleston),completely_home_prop,0.3445592,2021-02-22
13089,DeKalb (Egleston),completely_home_prop,0.3203315,2021-02-23
13089,DeKalb (Egleston),completely_home_prop,0.3180079,2021-02-24
13089,DeKalb (Egleston),completely_home_prop,0.3221878,2021-02-25
13089,DeKalb (Egleston),completely_home_prop,0.3296325,2021-02-26
13089,DeKalb (Egleston),completely_home_prop,0.2945922,2021-02-27
13089,DeKalb (Egleston),completely_home_prop,0.3376694,2021-02-28
13089,DeKalb (Egleston),completely_home_prop,0.3371186,2021-03-01
13089,DeKalb (Egleston),completely_home_prop,0.3226053,2021-03-02
13089,DeKalb (Egleston),completely_home_prop,0.3091639,2021-03-03
13089,DeKalb (Egleston),completely_home_prop,0.3029678,2021-03-04
13089,DeKalb (Egleston),completely_home_prop,0.2912231,2021-03-05
13089,DeKalb (Egleston),completely_home_prop,0.3009243,2021-03-06
13089,DeKalb (Egleston),completely_home_prop,0.3164521,2021-03-07
13089,DeKalb (Egleston),completely_home_prop,0.3325137,2021-03-08
13089,DeKalb (Egleston),completely_home_prop,0.3242596,2021-03-09
13089,DeKalb (Egleston),completely_home_prop,0.3301197,2021-03-10
13089,DeKalb (Egleston),completely_home_prop,0.3274064,2021-03-11
13089,DeKalb (Egleston),completely_home_prop,0.2993292,2021-03-12
13089,DeKalb (Egleston),completely_home_prop,0.3015309,2021-03-13
13089,DeKalb (Egleston),completely_home_prop,0.3043713,2021-03-14
13089,DeKalb (Egleston),completely_home_prop,0.3130659,2021-03-15
13089,DeKalb (Egleston),completely_home_prop,0.3316728,2021-03-16
13089,DeKalb (Egleston),completely_home_prop,0.3246237,2021-03-17
13089,DeKalb (Egleston),completely_home_prop,0.3177203,2021-03-18
13089,DeKalb (Egleston),completely_home_prop,0.2702922,2021-03-19
13089,DeKalb (Egleston),completely_home_prop,0.2688471,2021-03-20
13089,DeKalb (Egleston),completely_home_prop,0.3032335,2021-03-21
13089,DeKalb (Egleston),completely_home_prop,0.3057026,2021-03-22
13089,DeKalb (Egleston),completely_home_prop,0.308246,2021-03-23
13089,DeKalb (Egleston),completely_home_prop,0.2949861,2021-03-24
13089,DeKalb (Egleston),completely_home_prop,0.3081577,2021-03-25
13089,DeKalb (Egleston),completely_home_prop,0.2741849,2021-03-26
13089,DeKalb (Egleston),completely_home_prop,0.2591774,2021-03-27
13089,DeKalb (Egleston),completely_home_prop,0.3459976,2021-03-28
13089,DeKalb (Egleston),completely_home_prop,0.2886915,2021-03-29
13089,DeKalb (Egleston),completely_home_prop,0.2955665,2021-03-30
13089,DeKalb (Egleston),completely_home_prop,0.3218373,2021-03-31
13089,DeKalb (Egleston),completely_home_prop,0.2658171,2021-04-01
13089,DeKalb (Egleston),completely_home_prop,0.2691494,2021-04-02
13089,DeKalb (Egleston),completely_home_prop,0.2618071,2021-04-03
13089,DeKalb (Egleston),completely_home_prop,0.2975928,2021-04-04
13089,DeKalb (Egleston),completely_home_prop,0.3067524,2021-04-05
13089,DeKalb (Egleston),completely_home_prop,0.281039,2021-04-06
13089,DeKalb (Egleston),completely_home_prop,0.2573805,2021-04-07
13089,DeKalb (Egleston),completely_home_prop,0.2897979,2021-04-08
13089,DeKalb (Egleston),completely_home_prop,0.2561599,2021-04-09
13089,DeKalb (Egleston),completely_home_prop,0.2878749,2021-04-10
13089,DeKalb (Egleston),completely_home_prop,0.3174095,2021-04-11
13089,DeKalb (Egleston),completely_home_prop,0.3108604,2021-04-12
13089,DeKalb (Egleston),completely_home_prop,0.289259,2021-04-13
13089,DeKalb (Egleston),completely_home_prop,0.2991652,2021-04-14
13089,DeKalb (Egleston),completely_home_prop,0.321934,2021-04-15
13089,DeKalb (Egleston),completely_home_prop,0.2696972,2021-04-16
13089,DeKalb (Egleston),full_time_work_prop,0.0317198,2021-01-01
13089,DeKalb (Egleston),full_time_work_prop,0.0229334,2021-01-02
13089,DeKalb (Egleston),full_time_work_prop,0.0227323,2021-01-03
13089,DeKalb (Egleston),full_time_work_prop,0.0471497,2021-01-04
13089,DeKalb (Egleston),full_time_work_prop,0.0377528,2021-01-05
13089,DeKalb (Egleston),full_time_work_prop,0.0524372,2021-01-06
13089,DeKalb (Egleston),full_time_work_prop,0.0389268,2021-01-07
13089,DeKalb (Egleston),full_time_work_prop,0.0383641,2021-01-08
13089,DeKalb (Egleston),full_time_work_prop,0.0302542,2021-01-09
13089,DeKalb (Egleston),full_time_work_prop,0.0244518,2021-01-10
13089,DeKalb (Egleston),full_time_work_prop,0.049383,2021-01-11
13089,DeKalb (Egleston),full_time_work_prop,0.0416632,2021-01-12
13089,DeKalb (Egleston),full_time_work_prop,0.0457857,2021-01-13
13089,DeKalb (Egleston),full_time_work_prop,0.0461064,2021-01-14
13089,DeKalb (Egleston),full_time_work_prop,0.0387155,2021-01-15
13089,DeKalb (Egleston),full_time_work_prop,0.0242548,2021-01-16
13089,DeKalb (Egleston),full_time_work_prop,0.0236884,2021-01-17
13089,DeKalb (Egleston),full_time_work_prop,0.0306945,2021-01-18
13089,DeKalb (Egleston),full_time_work_prop,0.0468647,2021-01-19
13089,DeKalb (Egleston),full_time_work_prop,0.045044,2021-01-20
13089,DeKalb (Egleston),full_time_work_prop,0.0614396,2021-01-21
13089,DeKalb (Egleston),full_time_work_prop,0.0494128,2021-01-22
13089,DeKalb (Egleston),full_time_work_prop,0.0303964,2021-01-23
13089,DeKalb (Egleston),full_time_work_prop,0.0267038,2021-01-24
13089,DeKalb (Egleston),full_time_work_prop,0.0501634,2021-01-25
13089,DeKalb (Egleston),full_time_work_prop,0.048823,2021-01-26
13089,DeKalb (Egleston),full_time_work_prop,0.0432974,2021-01-27
13089,DeKalb (Egleston),full_time_work_prop,0.045948,2021-01-28
13089,DeKalb (Egleston),full_time_work_prop,0.0414619,2021-01-29
13089,DeKalb (Egleston),full_time_work_prop,0.0328705,2021-01-30
13089,DeKalb (Egleston),full_time_work_prop,0.0318499,2021-01-31
13089,DeKalb (Egleston),full_time_work_prop,0.0606532,2021-02-01
13089,DeKalb (Egleston),full_time_work_prop,0.0556982,2021-02-02
13089,DeKalb (Egleston),full_time_work_prop,0.0470815,2021-02-03
13089,DeKalb (Egleston),full_time_work_prop,0.051728,2021-02-04
13089,DeKalb (Egleston),full_time_work_prop,0.0485294,2021-02-05
13089,DeKalb (Egleston),full_time_work_prop,0.0272439,2021-02-06
13089,DeKalb (Egleston),full_time_work_prop,0.0238647,2021-02-07
13089,DeKalb (Egleston),full_time_work_prop,0.0480967,2021-02-08
13089,DeKalb (Egleston),full_time_work_prop,0.0487514,2021-02-09
13089,DeKalb (Egleston),full_time_work_prop,0.0429567,2021-02-10
13089,DeKalb (Egleston),full_time_work_prop,0.0514543,2021-02-11
13089,DeKalb (Egleston),full_time_work_prop,0.0383937,2021-02-12
13089,DeKalb (Egleston),full_time_work_prop,0.0255739,2021-02-13
13089,DeKalb (Egleston),full_time_work_prop,0.0262473,2021-02-14
13089,DeKalb (Egleston),full_time_work_prop,0.039025,2021-02-15
13089,DeKalb (Egleston),full_time_work_prop,0.039042,2021-02-16
13089,DeKalb (Egleston),full_time_work_prop,0.0469794,2021-02-17
13089,DeKalb (Egleston),full_time_work_prop,0.048861,2021-02-18
13089,DeKalb (Egleston),full_time_work_prop,0.0449916,2021-02-19
13089,DeKalb (Egleston),full_time_work_prop,0.0250472,2021-02-20
13089,DeKalb (Egleston),full_time_work_prop,0.0264768,2021-02-21
13089,DeKalb (Egleston),full_time_work_prop,0.051726,2021-02-22
13089,DeKalb (Egleston),full_time_work_prop,0.0545047,2021-02-23
13089,DeKalb (Egleston),full_time_work_prop,0.0446346,2021-02-24
13089,DeKalb (Egleston),full_time_work_prop,0.0498178,2021-02-25
13089,DeKalb (Egleston),full_time_work_prop,0.0450769,2021-02-26
13089,DeKalb (Egleston),full_time_work_prop,0.0281713,2021-02-27
13089,DeKalb (Egleston),full_time_work_prop,0.0290936,2021-02-28
13089,DeKalb (Egleston),full_time_work_prop,0.0518083,2021-03-01
13089,DeKalb (Egleston),full_time_work_prop,0.0496545,2021-03-02
13089,DeKalb (Egleston),full_time_work_prop,0.0530686,2021-03-03
13089,DeKalb (Egleston),full_time_work_prop,0.047932,2021-03-04
13089,DeKalb (Egleston),full_time_work_prop,0.0454931,2021-03-05
13089,DeKalb (Egleston),full_time_work_prop,0.0341714,2021-03-06
13089,DeKalb (Egleston),full_time_work_prop,0.0274573,2021-03-07
13089,DeKalb (Egleston),full_time_work_prop,0.0437193,2021-03-08
13089,DeKalb (Egleston),full_time_work_prop,0.0457264,2021-03-09
13089,DeKalb (Egleston),full_time_work_prop,0.0495433,2021-03-10
13089,DeKalb (Egleston),full_time_work_prop,0.0451473,2021-03-11
13089,DeKalb (Egleston),full_time_work_prop,0.047424,2021-03-12
13089,DeKalb (Egleston),full_time_work_prop,0.0297354,2021-03-13
13089,DeKalb (Egleston),full_time_work_prop,0.0256708,2021-03-14
13089,DeKalb (Egleston),full_time_work_prop,0.0497191,2021-03-15
13089,DeKalb (Egleston),full_time_work_prop,0.054309,2021-03-16
13089,DeKalb (Egleston),full_time_work_prop,0.0502885,2021-03-17
13089,DeKalb (Egleston),full_time_work_prop,0.0452703,2021-03-18
13089,DeKalb (Egleston),full_time_work_prop,0.0448106,2021-03-19
13089,DeKalb (Egleston),full_time_work_prop,0.030393,2021-03-20
13089,DeKalb (Egleston),full_time_work_prop,0.0304622,2021-03-21
13089,DeKalb (Egleston),full_time_work_prop,0.0527663,2021-03-22
13089,DeKalb (Egleston),full_time_work_prop,0.0554883,2021-03-23
13089,DeKalb (Egleston),full_time_work_prop,0.044624,2021-03-24
13089,DeKalb (Egleston),full_time_work_prop,0.0523012,2021-03-25
13089,DeKalb (Egleston),full_time_work_prop,0.045087,2021-03-26
13089,DeKalb (Egleston),full_time_work_prop,0.0296394,2021-03-27
13089,DeKalb (Egleston),full_time_work_prop,0.0304763,2021-03-28
13089,DeKalb (Egleston),full_time_work_prop,0.0477485,2021-03-29
13089,DeKalb (Egleston),full_time_work_prop,0.0569129,2021-03-30
13089,DeKalb (Egleston),full_time_work_prop,0.0563819,2021-03-31
13089,DeKalb (Egleston),full_time_work_prop,0.0431753,2021-04-01
13089,DeKalb (Egleston),full_time_work_prop,0.0444977,2021-04-02
13089,DeKalb (Egleston),full_time_work_prop,0.0281065,2021-04-03
13089,DeKalb (Egleston),full_time_work_prop,0.0292275,2021-04-04
13089,DeKalb (Egleston),full_time_work_prop,0.0453186,2021-04-05
13089,DeKalb (Egleston),full_time_work_prop,0.0432121,2021-04-06
13089,DeKalb (Egleston),full_time_work_prop,0.0359722,2021-04-07
13089,DeKalb (Egleston),full_time_work_prop,0.0490752,2021-04-08
13089,DeKalb (Egleston),full_time_work_prop,0.0357588,2021-04-09
13089,DeKalb (Egleston),full_time_work_prop,0.024276,2021-04-10
13089,DeKalb (Egleston),full_time_work_prop,0.0276165,2021-04-11
13089,DeKalb (Egleston),full_time_work_prop,0.0585185,2021-04-12
13089,DeKalb (Egleston),full_time_work_prop,0.0490265,2021-04-13
13089,DeKalb (Egleston),full_time_work_prop,0.0521567,2021-04-14
13089,DeKalb (Egleston),full_time_work_prop,0.0512794,2021-04-15
13089,DeKalb (Egleston),full_time_work_prop,0.0498844,2021-04-16
13089,DeKalb (Egleston),median_home_dwell_time,635.9434447,2021-01-01
13089,DeKalb (Egleston),median_home_dwell_time,617.403599,2021-01-02
13089,DeKalb (Egleston),median_home_dwell_time,724.0411311,2021-01-03
13089,DeKalb (Egleston),median_home_dwell_time,711.3341902,2021-01-04
13089,DeKalb (Egleston),median_home_dwell_time,665.7660668,2021-01-05
13089,DeKalb (Egleston),median_home_dwell_time,647.8714653,2021-01-06
13089,DeKalb (Egleston),median_home_dwell_time,659.5501285,2021-01-07
13089,DeKalb (Egleston),median_home_dwell_time,662.4421594,2021-01-08
13089,DeKalb (Egleston),median_home_dwell_time,710.5681234,2021-01-09
13089,DeKalb (Egleston),median_home_dwell_time,725.8997429,2021-01-10
13089,DeKalb (Egleston),median_home_dwell_time,666.7300771,2021-01-11
13089,DeKalb (Egleston),median_home_dwell_time,649.4473008,2021-01-12
13089,DeKalb (Egleston),median_home_dwell_time,624.9357326,2021-01-13
13089,DeKalb (Egleston),median_home_dwell_time,636.0051414,2021-01-14
13089,DeKalb (Egleston),median_home_dwell_time,625.9383033,2021-01-15
13089,DeKalb (Egleston),median_home_dwell_time,636.5398458,2021-01-16
13089,DeKalb (Egleston),median_home_dwell_time,741.3727506,2021-01-17
13089,DeKalb (Egleston),median_home_dwell_time,721.748072,2021-01-18
13089,DeKalb (Egleston),median_home_dwell_time,696.5732648,2021-01-19
13089,DeKalb (Egleston),median_home_dwell_time,665.5167095,2021-01-20
13089,DeKalb (Egleston),median_home_dwell_time,664.496144,2021-01-21
13089,DeKalb (Egleston),median_home_dwell_time,676.2963918,2021-01-22
13089,DeKalb (Egleston),median_home_dwell_time,686.0719794,2021-01-23
13089,DeKalb (Egleston),median_home_dwell_time,759.714653,2021-01-24
13089,DeKalb (Egleston),median_home_dwell_time,690.9100257,2021-01-25
13089,DeKalb (Egleston),median_home_dwell_time,578.8688946,2021-01-26
13089,DeKalb (Egleston),median_home_dwell_time,685.6735219,2021-01-27
13089,DeKalb (Egleston),median_home_dwell_time,689.3470437,2021-01-28
13089,DeKalb (Egleston),median_home_dwell_time,654.3650386,2021-01-29
13089,DeKalb (Egleston),median_home_dwell_time,657.4730077,2021-01-30
13089,DeKalb (Egleston),median_home_dwell_time,763.7783505,2021-01-31
13089,DeKalb (Egleston),median_home_dwell_time,689.5218509,2021-02-01
13089,DeKalb (Egleston),median_home_dwell_time,730.0670103,2021-02-02
13089,DeKalb (Egleston),median_home_dwell_time,637.6735219,2021-02-03
13089,DeKalb (Egleston),median_home_dwell_time,677.2827763,2021-02-04
13089,DeKalb (Egleston),median_home_dwell_time,640.0694087,2021-02-05
13089,DeKalb (Egleston),median_home_dwell_time,696.344473,2021-02-06
13089,DeKalb (Egleston),median_home_dwell_time,755.3084833,2021-02-07
13089,DeKalb (Egleston),median_home_dwell_time,673.218509,2021-02-08
13089,DeKalb (Egleston),median_home_dwell_time,677.0719794,2021-02-09
13089,DeKalb (Egleston),median_home_dwell_time,677.2467866,2021-02-10
13089,DeKalb (Egleston),median_home_dwell_time,703.7326478,2021-02-11
13089,DeKalb (Egleston),median_home_dwell_time,653.7403599,2021-02-12
13089,DeKalb (Egleston),median_home_dwell_time,710.8634021,2021-02-13
13089,DeKalb (Egleston),median_home_dwell_time,736.1233933,2021-02-14
13089,DeKalb (Egleston),median_home_dwell_time,685.0154242,2021-02-15
13089,DeKalb (Egleston),median_home_dwell_time,694.7789203,2021-02-16
13089,DeKalb (Egleston),median_home_dwell_time,619.4164524,2021-02-17
13089,DeKalb (Egleston),median_home_dwell_time,658.9793814,2021-02-18
13089,DeKalb (Egleston),median_home_dwell_time,643.9871465,2021-02-19
13089,DeKalb (Egleston),median_home_dwell_time,676.2159383,2021-02-20
13089,DeKalb (Egleston),median_home_dwell_time,721.3419023,2021-02-21
13089,DeKalb (Egleston),median_home_dwell_time,698.1388175,2021-02-22
13089,DeKalb (Egleston),median_home_dwell_time,640.7275064,2021-02-23
13089,DeKalb (Egleston),median_home_dwell_time,662.1670951,2021-02-24
13089,DeKalb (Egleston),median_home_dwell_time,681.5706941,2021-02-25
13089,DeKalb (Egleston),median_home_dwell_time,651.3170103,2021-02-26
13089,DeKalb (Egleston),median_home_dwell_time,694.3907455,2021-02-27
13089,DeKalb (Egleston),median_home_dwell_time,742.4550129,2021-02-28
13089,DeKalb (Egleston),median_home_dwell_time,665.7917738,2021-03-01
13089,DeKalb (Egleston),median_home_dwell_time,671.0976864,2021-03-02
13089,DeKalb (Egleston),median_home_dwell_time,696.7293814,2021-03-03
13089,DeKalb (Egleston),median_home_dwell_time,679.7917738,2021-03-04
13089,DeKalb (Egleston),median_home_dwell_time,654.6658098,2021-03-05
13089,DeKalb (Egleston),median_home_dwell_time,733.5103093,2021-03-06
13089,DeKalb (Egleston),median_home_dwell_time,905.8015464,2021-03-07
13089,DeKalb (Egleston),median_home_dwell_time,677.496144,2021-03-08
13089,DeKalb (Egleston),median_home_dwell_time,664.9228792,2021-03-09
13089,DeKalb (Egleston),median_home_dwell_time,643.7866324,2021-03-10
13089,DeKalb (Egleston),median_home_dwell_time,648.7455013,2021-03-11
13089,DeKalb (Egleston),median_home_dwell_time,626.125964,2021-03-12
13089,DeKalb (Egleston),median_home_dwell_time,629.0437018,2021-03-13
13089,DeKalb (Egleston),median_home_dwell_time,665.0282776,2021-03-14
13089,DeKalb (Egleston),median_home_dwell_time,636.6118252,2021-03-15
13089,DeKalb (Egleston),median_home_dwell_time,665.1002571,2021-03-16
13089,DeKalb (Egleston),median_home_dwell_time,672.6118252,2021-03-17
13089,DeKalb (Egleston),median_home_dwell_time,676.907455,2021-03-18
13089,DeKalb (Egleston),median_home_dwell_time,627.8894602,2021-03-19
13089,DeKalb (Egleston),median_home_dwell_time,635.6478149,2021-03-20
13089,DeKalb (Egleston),median_home_dwell_time,693.722365,2021-03-21
13089,DeKalb (Egleston),median_home_dwell_time,642.1748072,2021-03-22
13089,DeKalb (Egleston),median_home_dwell_time,642.8943299,2021-03-23
13089,DeKalb (Egleston),median_home_dwell_time,635.6323907,2021-03-24
13089,DeKalb (Egleston),median_home_dwell_time,624.311054,2021-03-25
13089,DeKalb (Egleston),median_home_dwell_time,576.9948586,2021-03-26
13089,DeKalb (Egleston),median_home_dwell_time,625.781491,2021-03-27
13089,DeKalb (Egleston),median_home_dwell_time,685.3187661,2021-03-28
13089,DeKalb (Egleston),median_home_dwell_time,620.3676093,2021-03-29
13089,DeKalb (Egleston),median_home_dwell_time,626.7429306,2021-03-30
13089,DeKalb (Egleston),median_home_dwell_time,671.8969072,2021-03-31
13089,DeKalb (Egleston),median_home_dwell_time,625.403599,2021-04-01
13089,DeKalb (Egleston),median_home_dwell_time,600.2010309,2021-04-02
13089,DeKalb (Egleston),median_home_dwell_time,552.033419,2021-04-03
13089,DeKalb (Egleston),median_home_dwell_time,564.1105398,2021-04-04
13089,DeKalb (Egleston),median_home_dwell_time,497.1233933,2021-04-05
13089,DeKalb (Egleston),median_home_dwell_time,485.4164524,2021-04-06
13089,DeKalb (Egleston),median_home_dwell_time,443.6246787,2021-04-07
13089,DeKalb (Egleston),median_home_dwell_time,470.1748072,2021-04-08
13089,DeKalb (Egleston),median_home_dwell_time,478.0771208,2021-04-09
13089,DeKalb (Egleston),median_home_dwell_time,475.151671,2021-04-10
13089,DeKalb (Egleston),median_home_dwell_time,558.496144,2021-04-11
13089,DeKalb (Egleston),median_home_dwell_time,599.7994859,2021-04-12
13089,DeKalb (Egleston),median_home_dwell_time,614.6118252,2021-04-13
13089,DeKalb (Egleston),median_home_dwell_time,614.6041131,2021-04-14
13089,DeKalb (Egleston),median_home_dwell_time,483.1748072,2021-04-15
13089,DeKalb (Egleston),median_home_dwell_time,578.2622108,2021-04-16
13089,DeKalb (Egleston),part_time_work_prop,0.0463489,2021-01-01
13089,DeKalb (Egleston),part_time_work_prop,0.0393828,2021-01-02
13089,DeKalb (Egleston),part_time_work_prop,0.0359361,2021-01-03
13089,DeKalb (Egleston),part_time_work_prop,0.0622829,2021-01-04
13089,DeKalb (Egleston),part_time_work_prop,0.0545984,2021-01-05
13089,DeKalb (Egleston),part_time_work_prop,0.0706155,2021-01-06
13089,DeKalb (Egleston),part_time_work_prop,0.0594933,2021-01-07
13089,DeKalb (Egleston),part_time_work_prop,0.056316,2021-01-08
13089,DeKalb (Egleston),part_time_work_prop,0.0495214,2021-01-09
13089,DeKalb (Egleston),part_time_work_prop,0.0374407,2021-01-10
13089,DeKalb (Egleston),part_time_work_prop,0.0636579,2021-01-11
13089,DeKalb (Egleston),part_time_work_prop,0.0614836,2021-01-12
13089,DeKalb (Egleston),part_time_work_prop,0.0636552,2021-01-13
13089,DeKalb (Egleston),part_time_work_prop,0.0639943,2021-01-14
13089,DeKalb (Egleston),part_time_work_prop,0.0618099,2021-01-15
13089,DeKalb (Egleston),part_time_work_prop,0.0418639,2021-01-16
13089,DeKalb (Egleston),part_time_work_prop,0.0358991,2021-01-17
13089,DeKalb (Egleston),part_time_work_prop,0.0455227,2021-01-18
13089,DeKalb (Egleston),part_time_work_prop,0.0646954,2021-01-19
13089,DeKalb (Egleston),part_time_work_prop,0.0635648,2021-01-20
13089,DeKalb (Egleston),part_time_work_prop,0.0755757,2021-01-21
13089,DeKalb (Egleston),part_time_work_prop,0.0702551,2021-01-22
13089,DeKalb (Egleston),part_time_work_prop,0.0518707,2021-01-23
13089,DeKalb (Egleston),part_time_work_prop,0.0455969,2021-01-24
13089,DeKalb (Egleston),part_time_work_prop,0.0635137,2021-01-25
13089,DeKalb (Egleston),part_time_work_prop,0.0714731,2021-01-26
13089,DeKalb (Egleston),part_time_work_prop,0.0648614,2021-01-27
13089,DeKalb (Egleston),part_time_work_prop,0.0652164,2021-01-28
13089,DeKalb (Egleston),part_time_work_prop,0.059465,2021-01-29
13089,DeKalb (Egleston),part_time_work_prop,0.05252,2021-01-30
13089,DeKalb (Egleston),part_time_work_prop,0.0468259,2021-01-31
13089,DeKalb (Egleston),part_time_work_prop,0.0785486,2021-02-01
13089,DeKalb (Egleston),part_time_work_prop,0.0709268,2021-02-02
13089,DeKalb (Egleston),part_time_work_prop,0.0638721,2021-02-03
13089,DeKalb (Egleston),part_time_work_prop,0.0699929,2021-02-04
13089,DeKalb (Egleston),part_time_work_prop,0.0729679,2021-02-05
13089,DeKalb (Egleston),part_time_work_prop,0.0448771,2021-02-06
13089,DeKalb (Egleston),part_time_work_prop,0.0360563,2021-02-07
13089,DeKalb (Egleston),part_time_work_prop,0.0656314,2021-02-08
13089,DeKalb (Egleston),part_time_work_prop,0.0661019,2021-02-09
13089,DeKalb (Egleston),part_time_work_prop,0.0643869,2021-02-10
13089,DeKalb (Egleston),part_time_work_prop,0.0690315,2021-02-11
13089,DeKalb (Egleston),part_time_work_prop,0.0581192,2021-02-12
13089,DeKalb (Egleston),part_time_work_prop,0.0408742,2021-02-13
13089,DeKalb (Egleston),part_time_work_prop,0.0422857,2021-02-14
13089,DeKalb (Egleston),part_time_work_prop,0.0518192,2021-02-15
13089,DeKalb (Egleston),part_time_work_prop,0.0567243,2021-02-16
13089,DeKalb (Egleston),part_time_work_prop,0.0631664,2021-02-17
13089,DeKalb (Egleston),part_time_work_prop,0.0626947,2021-02-18
13089,DeKalb (Egleston),part_time_work_prop,0.0653194,2021-02-19
13089,DeKalb (Egleston),part_time_work_prop,0.0428664,2021-02-20
13089,DeKalb (Egleston),part_time_work_prop,0.0420163,2021-02-21
13089,DeKalb (Egleston),part_time_work_prop,0.0609379,2021-02-22
13089,DeKalb (Egleston),part_time_work_prop,0.0689884,2021-02-23
13089,DeKalb (Egleston),part_time_work_prop,0.0628703,2021-02-24
13089,DeKalb (Egleston),part_time_work_prop,0.0663158,2021-02-25
13089,DeKalb (Egleston),part_time_work_prop,0.0691214,2021-02-26
13089,DeKalb (Egleston),part_time_work_prop,0.0445669,2021-02-27
13089,DeKalb (Egleston),part_time_work_prop,0.0437581,2021-02-28
13089,DeKalb (Egleston),part_time_work_prop,0.0643275,2021-03-01
13089,DeKalb (Egleston),part_time_work_prop,0.0646123,2021-03-02
13089,DeKalb (Egleston),part_time_work_prop,0.0736232,2021-03-03
13089,DeKalb (Egleston),part_time_work_prop,0.0686032,2021-03-04
13089,DeKalb (Egleston),part_time_work_prop,0.0678358,2021-03-05
13089,DeKalb (Egleston),part_time_work_prop,0.0558081,2021-03-06
13089,DeKalb (Egleston),part_time_work_prop,0.0444892,2021-03-07
13089,DeKalb (Egleston),part_time_work_prop,0.0639686,2021-03-08
13089,DeKalb (Egleston),part_time_work_prop,0.0663252,2021-03-09
13089,DeKalb (Egleston),part_time_work_prop,0.0751266,2021-03-10
13089,DeKalb (Egleston),part_time_work_prop,0.0656665,2021-03-11
13089,DeKalb (Egleston),part_time_work_prop,0.0704052,2021-03-12
13089,DeKalb (Egleston),part_time_work_prop,0.051146,2021-03-13
13089,DeKalb (Egleston),part_time_work_prop,0.0440685,2021-03-14
13089,DeKalb (Egleston),part_time_work_prop,0.0678475,2021-03-15
13089,DeKalb (Egleston),part_time_work_prop,0.0716151,2021-03-16
13089,DeKalb (Egleston),part_time_work_prop,0.0656303,2021-03-17
13089,DeKalb (Egleston),part_time_work_prop,0.0634723,2021-03-18
13089,DeKalb (Egleston),part_time_work_prop,0.066986,2021-03-19
13089,DeKalb (Egleston),part_time_work_prop,0.0514693,2021-03-20
13089,DeKalb (Egleston),part_time_work_prop,0.0491437,2021-03-21
13089,DeKalb (Egleston),part_time_work_prop,0.0719867,2021-03-22
13089,DeKalb (Egleston),part_time_work_prop,0.0721928,2021-03-23
13089,DeKalb (Egleston),part_time_work_prop,0.0656453,2021-03-24
13089,DeKalb (Egleston),part_time_work_prop,0.0685299,2021-03-25
13089,DeKalb (Egleston),part_time_work_prop,0.0662513,2021-03-26
13089,DeKalb (Egleston),part_time_work_prop,0.0501799,2021-03-27
13089,DeKalb (Egleston),part_time_work_prop,0.0466055,2021-03-28
13089,DeKalb (Egleston),part_time_work_prop,0.0686246,2021-03-29
13089,DeKalb (Egleston),part_time_work_prop,0.0768406,2021-03-30
13089,DeKalb (Egleston),part_time_work_prop,0.0744106,2021-03-31
13089,DeKalb (Egleston),part_time_work_prop,0.0657581,2021-04-01
13089,DeKalb (Egleston),part_time_work_prop,0.0646813,2021-04-02
13089,DeKalb (Egleston),part_time_work_prop,0.0506068,2021-04-03
13089,DeKalb (Egleston),part_time_work_prop,0.0509821,2021-04-04
13089,DeKalb (Egleston),part_time_work_prop,0.0685092,2021-04-05
13089,DeKalb (Egleston),part_time_work_prop,0.0685254,2021-04-06
13089,DeKalb (Egleston),part_time_work_prop,0.0588409,2021-04-07
13089,DeKalb (Egleston),part_time_work_prop,0.0745993,2021-04-08
13089,DeKalb (Egleston),part_time_work_prop,0.0620136,2021-04-09
13089,DeKalb (Egleston),part_time_work_prop,0.039311,2021-04-10
13089,DeKalb (Egleston),part_time_work_prop,0.0423669,2021-04-11
13089,DeKalb (Egleston),part_time_work_prop,0.0766826,2021-04-12
13089,DeKalb (Egleston),part_time_work_prop,0.0631717,2021-04-13
13089,DeKalb (Egleston),part_time_work_prop,0.0725058,2021-04-14
13089,DeKalb (Egleston),part_time_work_prop,0.0728185,2021-04-15
13089,DeKalb (Egleston),part_time_work_prop,0.0716129,2021-04-16
13121,"Fulton (Scottish Rite, Hughes Spalding)",completely_home_prop,0.3756469,2021-01-01
13121,"Fulton (Scottish Rite, Hughes Spalding)",completely_home_prop,0.2912546,2021-01-02
13121,"Fulton (Scottish Rite, Hughes Spalding)",completely_home_prop,0.3359258,2021-01-03
13121,"Fulton (Scottish Rite, Hughes Spalding)",completely_home_prop,0.3487754,2021-01-04
13121,"Fulton (Scottish Rite, Hughes Spalding)",completely_home_prop,0.3344942,2021-01-05
13121,"Fulton (Scottish Rite, Hughes Spalding)",completely_home_prop,0.3443871,2021-01-06
13121,"Fulton (Scottish Rite, Hughes Spalding)",completely_home_prop,0.338147,2021-01-07
13121,"Fulton (Scottish Rite, Hughes Spalding)",completely_home_prop,0.3243228,2021-01-08
13121,"Fulton (Scottish Rite, Hughes Spalding)",completely_home_prop,0.3208637,2021-01-09
13121,"Fulton (Scottish Rite, Hughes Spalding)",completely_home_prop,0.3402549,2021-01-10
13121,"Fulton (Scottish Rite, Hughes Spalding)",completely_home_prop,0.3452993,2021-01-11
13121,"Fulton (Scottish Rite, Hughes Spalding)",completely_home_prop,0.3232832,2021-01-12
13121,"Fulton (Scottish Rite, Hughes Spalding)",completely_home_prop,0.3064637,2021-01-13
13121,"Fulton (Scottish Rite, Hughes Spalding)",completely_home_prop,0.3117826,2021-01-14
13121,"Fulton (Scottish Rite, Hughes Spalding)",completely_home_prop,0.2838154,2021-01-15
13121,"Fulton (Scottish Rite, Hughes Spalding)",completely_home_prop,0.2917556,2021-01-16
13121,"Fulton (Scottish Rite, Hughes Spalding)",completely_home_prop,0.3027029,2021-01-17
13121,"Fulton (Scottish Rite, Hughes Spalding)",completely_home_prop,0.3009617,2021-01-18
13121,"Fulton (Scottish Rite, Hughes Spalding)",completely_home_prop,0.312814,2021-01-19
13121,"Fulton (Scottish Rite, Hughes Spalding)",completely_home_prop,0.305526,2021-01-20
13121,"Fulton (Scottish Rite, Hughes Spalding)",completely_home_prop,0.3246796,2021-01-21
13121,"Fulton (Scottish Rite, Hughes Spalding)",completely_home_prop,0.2859756,2021-01-22
13121,"Fulton (Scottish Rite, Hughes Spalding)",completely_home_prop,0.2784576,2021-01-23
13121,"Fulton (Scottish Rite, Hughes Spalding)",completely_home_prop,0.3113577,2021-01-24
13121,"Fulton (Scottish Rite, Hughes Spalding)",completely_home_prop,0.3105153,2021-01-25
13121,"Fulton (Scottish Rite, Hughes Spalding)",completely_home_prop,0.3009722,2021-01-26
13121,"Fulton (Scottish Rite, Hughes Spalding)",completely_home_prop,0.3168307,2021-01-27
13121,"Fulton (Scottish Rite, Hughes Spalding)",completely_home_prop,0.3139143,2021-01-28
13121,"Fulton (Scottish Rite, Hughes Spalding)",completely_home_prop,0.2887679,2021-01-29
13121,"Fulton (Scottish Rite, Hughes Spalding)",completely_home_prop,0.2995187,2021-01-30
13121,"Fulton (Scottish Rite, Hughes Spalding)",completely_home_prop,0.3673831,2021-01-31
13121,"Fulton (Scottish Rite, Hughes Spalding)",completely_home_prop,0.36208,2021-02-01
13121,"Fulton (Scottish Rite, Hughes Spalding)",completely_home_prop,0.3300473,2021-02-02
13121,"Fulton (Scottish Rite, Hughes Spalding)",completely_home_prop,0.3078989,2021-02-03
13121,"Fulton (Scottish Rite, Hughes Spalding)",completely_home_prop,0.3241157,2021-02-04
13121,"Fulton (Scottish Rite, Hughes Spalding)",completely_home_prop,0.286486,2021-02-05
13121,"Fulton (Scottish Rite, Hughes Spalding)",completely_home_prop,0.2940107,2021-02-06
13121,"Fulton (Scottish Rite, Hughes Spalding)",completely_home_prop,0.3044287,2021-02-07
13121,"Fulton (Scottish Rite, Hughes Spalding)",completely_home_prop,0.3052081,2021-02-08
13121,"Fulton (Scottish Rite, Hughes Spalding)",completely_home_prop,0.2955536,2021-02-09
13121,"Fulton (Scottish Rite, Hughes Spalding)",completely_home_prop,0.287228,2021-02-10
13121,"Fulton (Scottish Rite, Hughes Spalding)",completely_home_prop,0.3064584,2021-02-11
13121,"Fulton (Scottish Rite, Hughes Spalding)",completely_home_prop,0.2831311,2021-02-12
13121,"Fulton (Scottish Rite, Hughes Spalding)",completely_home_prop,0.2778553,2021-02-13
13121,"Fulton (Scottish Rite, Hughes Spalding)",completely_home_prop,0.3166008,2021-02-14
13121,"Fulton (Scottish Rite, Hughes Spalding)",completely_home_prop,0.3264585,2021-02-15
13121,"Fulton (Scottish Rite, Hughes Spalding)",completely_home_prop,0.33425,2021-02-16
13121,"Fulton (Scottish Rite, Hughes Spalding)",completely_home_prop,0.2945015,2021-02-17
13121,"Fulton (Scottish Rite, Hughes Spalding)",completely_home_prop,0.3021708,2021-02-18
13121,"Fulton (Scottish Rite, Hughes Spalding)",completely_home_prop,0.2753526,2021-02-19
13121,"Fulton (Scottish Rite, Hughes Spalding)",completely_home_prop,0.2525519,2021-02-20
13121,"Fulton (Scottish Rite, Hughes Spalding)",completely_home_prop,0.2981561,2021-02-21
13121,"Fulton (Scottish Rite, Hughes Spalding)",completely_home_prop,0.3032762,2021-02-22
13121,"Fulton (Scottish Rite, Hughes Spalding)",completely_home_prop,0.2894916,2021-02-23
13121,"Fulton (Scottish Rite, Hughes Spalding)",completely_home_prop,0.2859258,2021-02-24
13121,"Fulton (Scottish Rite, Hughes Spalding)",completely_home_prop,0.2770436,2021-02-25
13121,"Fulton (Scottish Rite, Hughes Spalding)",completely_home_prop,0.2898352,2021-02-26
13121,"Fulton (Scottish Rite, Hughes Spalding)",completely_home_prop,0.2581784,2021-02-27
13121,"Fulton (Scottish Rite, Hughes Spalding)",completely_home_prop,0.298579,2021-02-28
13121,"Fulton (Scottish Rite, Hughes Spalding)",completely_home_prop,0.2964726,2021-03-01
13121,"Fulton (Scottish Rite, Hughes Spalding)",completely_home_prop,0.2881108,2021-03-02
13121,"Fulton (Scottish Rite, Hughes Spalding)",completely_home_prop,0.2811381,2021-03-03
13121,"Fulton (Scottish Rite, Hughes Spalding)",completely_home_prop,0.2757693,2021-03-04
13121,"Fulton (Scottish Rite, Hughes Spalding)",completely_home_prop,0.2590411,2021-03-05
13121,"Fulton (Scottish Rite, Hughes Spalding)",completely_home_prop,0.2702486,2021-03-06
13121,"Fulton (Scottish Rite, Hughes Spalding)",completely_home_prop,0.2903031,2021-03-07
13121,"Fulton (Scottish Rite, Hughes Spalding)",completely_home_prop,0.2989652,2021-03-08
13121,"Fulton (Scottish Rite, Hughes Spalding)",completely_home_prop,0.2918092,2021-03-09
13121,"Fulton (Scottish Rite, Hughes Spalding)",completely_home_prop,0.3129207,2021-03-10
13121,"Fulton (Scottish Rite, Hughes Spalding)",completely_home_prop,0.2892331,2021-03-11
13121,"Fulton (Scottish Rite, Hughes Spalding)",completely_home_prop,0.2646133,2021-03-12
13121,"Fulton (Scottish Rite, Hughes Spalding)",completely_home_prop,0.2564263,2021-03-13
13121,"Fulton (Scottish Rite, Hughes Spalding)",completely_home_prop,0.2648865,2021-03-14
13121,"Fulton (Scottish Rite, Hughes Spalding)",completely_home_prop,0.2760639,2021-03-15
13121,"Fulton (Scottish Rite, Hughes Spalding)",completely_home_prop,0.2913505,2021-03-16
13121,"Fulton (Scottish Rite, Hughes Spalding)",completely_home_prop,0.2858736,2021-03-17
13121,"Fulton (Scottish Rite, Hughes Spalding)",completely_home_prop,0.2667944,2021-03-18
13121,"Fulton (Scottish Rite, Hughes Spalding)",completely_home_prop,0.2289626,2021-03-19
13121,"Fulton (Scottish Rite, Hughes Spalding)",completely_home_prop,0.2314686,2021-03-20
13121,"Fulton (Scottish Rite, Hughes Spalding)",completely_home_prop,0.2694563,2021-03-21
13121,"Fulton (Scottish Rite, Hughes Spalding)",completely_home_prop,0.267502,2021-03-22
13121,"Fulton (Scottish Rite, Hughes Spalding)",completely_home_prop,0.2670855,2021-03-23
13121,"Fulton (Scottish Rite, Hughes Spalding)",completely_home_prop,0.2588102,2021-03-24
13121,"Fulton (Scottish Rite, Hughes Spalding)",completely_home_prop,0.2752793,2021-03-25
13121,"Fulton (Scottish Rite, Hughes Spalding)",completely_home_prop,0.233265,2021-03-26
13121,"Fulton (Scottish Rite, Hughes Spalding)",completely_home_prop,0.2202209,2021-03-27
13121,"Fulton (Scottish Rite, Hughes Spalding)",completely_home_prop,0.2955881,2021-03-28
13121,"Fulton (Scottish Rite, Hughes Spalding)",completely_home_prop,0.2517918,2021-03-29
13121,"Fulton (Scottish Rite, Hughes Spalding)",completely_home_prop,0.2628519,2021-03-30
13121,"Fulton (Scottish Rite, Hughes Spalding)",completely_home_prop,0.292278,2021-03-31
13121,"Fulton (Scottish Rite, Hughes Spalding)",completely_home_prop,0.2418281,2021-04-01
13121,"Fulton (Scottish Rite, Hughes Spalding)",completely_home_prop,0.2449937,2021-04-02
13121,"Fulton (Scottish Rite, Hughes Spalding)",completely_home_prop,0.2267986,2021-04-03
13121,"Fulton (Scottish Rite, Hughes Spalding)",completely_home_prop,0.2641477,2021-04-04
13121,"Fulton (Scottish Rite, Hughes Spalding)",completely_home_prop,0.2699593,2021-04-05
13121,"Fulton (Scottish Rite, Hughes Spalding)",completely_home_prop,0.2507769,2021-04-06
13121,"Fulton (Scottish Rite, Hughes Spalding)",completely_home_prop,0.2330949,2021-04-07
13121,"Fulton (Scottish Rite, Hughes Spalding)",completely_home_prop,0.2574918,2021-04-08
13121,"Fulton (Scottish Rite, Hughes Spalding)",completely_home_prop,0.2272119,2021-04-09
13121,"Fulton (Scottish Rite, Hughes Spalding)",completely_home_prop,0.2509738,2021-04-10
13121,"Fulton (Scottish Rite, Hughes Spalding)",completely_home_prop,0.2811623,2021-04-11
13121,"Fulton (Scottish Rite, Hughes Spalding)",completely_home_prop,0.2906629,2021-04-12
13121,"Fulton (Scottish Rite, Hughes Spalding)",completely_home_prop,0.2596025,2021-04-13
13121,"Fulton (Scottish Rite, Hughes Spalding)",completely_home_prop,0.2721109,2021-04-14
13121,"Fulton (Scottish Rite, Hughes Spalding)",completely_home_prop,0.2919893,2021-04-15
13121,"Fulton (Scottish Rite, Hughes Spalding)",completely_home_prop,0.2363637,2021-04-16
13121,"Fulton (Scottish Rite, Hughes Spalding)",full_time_work_prop,0.0344418,2021-01-01
13121,"Fulton (Scottish Rite, Hughes Spalding)",full_time_work_prop,0.025009,2021-01-02
13121,"Fulton (Scottish Rite, Hughes Spalding)",full_time_work_prop,0.0255052,2021-01-03
13121,"Fulton (Scottish Rite, Hughes Spalding)",full_time_work_prop,0.0464482,2021-01-04
13121,"Fulton (Scottish Rite, Hughes Spalding)",full_time_work_prop,0.0421064,2021-01-05
13121,"Fulton (Scottish Rite, Hughes Spalding)",full_time_work_prop,0.0518495,2021-01-06
13121,"Fulton (Scottish Rite, Hughes Spalding)",full_time_work_prop,0.0420691,2021-01-07
13121,"Fulton (Scottish Rite, Hughes Spalding)",full_time_work_prop,0.0433482,2021-01-08
13121,"Fulton (Scottish Rite, Hughes Spalding)",full_time_work_prop,0.0312125,2021-01-09
13121,"Fulton (Scottish Rite, Hughes Spalding)",full_time_work_prop,0.0295366,2021-01-10
13121,"Fulton (Scottish Rite, Hughes Spalding)",full_time_work_prop,0.0515291,2021-01-11
13121,"Fulton (Scottish Rite, Hughes Spalding)",full_time_work_prop,0.0435672,2021-01-12
13121,"Fulton (Scottish Rite, Hughes Spalding)",full_time_work_prop,0.047547,2021-01-13
13121,"Fulton (Scottish Rite, Hughes Spalding)",full_time_work_prop,0.0496845,2021-01-14
13121,"Fulton (Scottish Rite, Hughes Spalding)",full_time_work_prop,0.0413182,2021-01-15
13121,"Fulton (Scottish Rite, Hughes Spalding)",full_time_work_prop,0.0292325,2021-01-16
13121,"Fulton (Scottish Rite, Hughes Spalding)",full_time_work_prop,0.0255229,2021-01-17
13121,"Fulton (Scottish Rite, Hughes Spalding)",full_time_work_prop,0.0334778,2021-01-18
13121,"Fulton (Scottish Rite, Hughes Spalding)",full_time_work_prop,0.0513646,2021-01-19
13121,"Fulton (Scottish Rite, Hughes Spalding)",full_time_work_prop,0.052236,2021-01-20
13121,"Fulton (Scottish Rite, Hughes Spalding)",full_time_work_prop,0.0614217,2021-01-21
13121,"Fulton (Scottish Rite, Hughes Spalding)",full_time_work_prop,0.0546408,2021-01-22
13121,"Fulton (Scottish Rite, Hughes Spalding)",full_time_work_prop,0.0353497,2021-01-23
13121,"Fulton (Scottish Rite, Hughes Spalding)",full_time_work_prop,0.0296432,2021-01-24
13121,"Fulton (Scottish Rite, Hughes Spalding)",full_time_work_prop,0.0538538,2021-01-25
13121,"Fulton (Scottish Rite, Hughes Spalding)",full_time_work_prop,0.0553807,2021-01-26
13121,"Fulton (Scottish Rite, Hughes Spalding)",full_time_work_prop,0.0466864,2021-01-27
13121,"Fulton (Scottish Rite, Hughes Spalding)",full_time_work_prop,0.0530269,2021-01-28
13121,"Fulton (Scottish Rite, Hughes Spalding)",full_time_work_prop,0.0480985,2021-01-29
13121,"Fulton (Scottish Rite, Hughes Spalding)",full_time_work_prop,0.0361723,2021-01-30
13121,"Fulton (Scottish Rite, Hughes Spalding)",full_time_work_prop,0.0321744,2021-01-31
13121,"Fulton (Scottish Rite, Hughes Spalding)",full_time_work_prop,0.0648338,2021-02-01
13121,"Fulton (Scottish Rite, Hughes Spalding)",full_time_work_prop,0.0635235,2021-02-02
13121,"Fulton (Scottish Rite, Hughes Spalding)",full_time_work_prop,0.0481624,2021-02-03
13121,"Fulton (Scottish Rite, Hughes Spalding)",full_time_work_prop,0.0574917,2021-02-04
13121,"Fulton (Scottish Rite, Hughes Spalding)",full_time_work_prop,0.0519156,2021-02-05
13121,"Fulton (Scottish Rite, Hughes Spalding)",full_time_work_prop,0.0321319,2021-02-06
13121,"Fulton (Scottish Rite, Hughes Spalding)",full_time_work_prop,0.0282113,2021-02-07
13121,"Fulton (Scottish Rite, Hughes Spalding)",full_time_work_prop,0.0498905,2021-02-08
13121,"Fulton (Scottish Rite, Hughes Spalding)",full_time_work_prop,0.0521146,2021-02-09
13121,"Fulton (Scottish Rite, Hughes Spalding)",full_time_work_prop,0.049494,2021-02-10
13121,"Fulton (Scottish Rite, Hughes Spalding)",full_time_work_prop,0.056407,2021-02-11
13121,"Fulton (Scottish Rite, Hughes Spalding)",full_time_work_prop,0.0419159,2021-02-12
13121,"Fulton (Scottish Rite, Hughes Spalding)",full_time_work_prop,0.0290719,2021-02-13
13121,"Fulton (Scottish Rite, Hughes Spalding)",full_time_work_prop,0.0290062,2021-02-14
13121,"Fulton (Scottish Rite, Hughes Spalding)",full_time_work_prop,0.0412683,2021-02-15
13121,"Fulton (Scottish Rite, Hughes Spalding)",full_time_work_prop,0.041637,2021-02-16
13121,"Fulton (Scottish Rite, Hughes Spalding)",full_time_work_prop,0.0494981,2021-02-17
13121,"Fulton (Scottish Rite, Hughes Spalding)",full_time_work_prop,0.0522592,2021-02-18
13121,"Fulton (Scottish Rite, Hughes Spalding)",full_time_work_prop,0.0497896,2021-02-19
13121,"Fulton (Scottish Rite, Hughes Spalding)",full_time_work_prop,0.0261349,2021-02-20
13121,"Fulton (Scottish Rite, Hughes Spalding)",full_time_work_prop,0.027688,2021-02-21
13121,"Fulton (Scottish Rite, Hughes Spalding)",full_time_work_prop,0.056421,2021-02-22
13121,"Fulton (Scottish Rite, Hughes Spalding)",full_time_work_prop,0.0580517,2021-02-23
13121,"Fulton (Scottish Rite, Hughes Spalding)",full_time_work_prop,0.0495096,2021-02-24
13121,"Fulton (Scottish Rite, Hughes Spalding)",full_time_work_prop,0.0557856,2021-02-25
13121,"Fulton (Scottish Rite, Hughes Spalding)",full_time_work_prop,0.0499413,2021-02-26
13121,"Fulton (Scottish Rite, Hughes Spalding)",full_time_work_prop,0.0295814,2021-02-27
13121,"Fulton (Scottish Rite, Hughes Spalding)",full_time_work_prop,0.0314545,2021-02-28
13121,"Fulton (Scottish Rite, Hughes Spalding)",full_time_work_prop,0.0505008,2021-03-01
13121,"Fulton (Scottish Rite, Hughes Spalding)",full_time_work_prop,0.0537343,2021-03-02
13121,"Fulton (Scottish Rite, Hughes Spalding)",full_time_work_prop,0.0556432,2021-03-03
13121,"Fulton (Scottish Rite, Hughes Spalding)",full_time_work_prop,0.0521941,2021-03-04
13121,"Fulton (Scottish Rite, Hughes Spalding)",full_time_work_prop,0.0470476,2021-03-05
13121,"Fulton (Scottish Rite, Hughes Spalding)",full_time_work_prop,0.0347488,2021-03-06
13121,"Fulton (Scottish Rite, Hughes Spalding)",full_time_work_prop,0.0319619,2021-03-07
13121,"Fulton (Scottish Rite, Hughes Spalding)",full_time_work_prop,0.0458966,2021-03-08
13121,"Fulton (Scottish Rite, Hughes Spalding)",full_time_work_prop,0.0490053,2021-03-09
13121,"Fulton (Scottish Rite, Hughes Spalding)",full_time_work_prop,0.0563335,2021-03-10
13121,"Fulton (Scottish Rite, Hughes Spalding)",full_time_work_prop,0.0486925,2021-03-11
13121,"Fulton (Scottish Rite, Hughes Spalding)",full_time_work_prop,0.0474929,2021-03-12
13121,"Fulton (Scottish Rite, Hughes Spalding)",full_time_work_prop,0.0327466,2021-03-13
13121,"Fulton (Scottish Rite, Hughes Spalding)",full_time_work_prop,0.0267284,2021-03-14
13121,"Fulton (Scottish Rite, Hughes Spalding)",full_time_work_prop,0.0464344,2021-03-15
13121,"Fulton (Scottish Rite, Hughes Spalding)",full_time_work_prop,0.0573467,2021-03-16
13121,"Fulton (Scottish Rite, Hughes Spalding)",full_time_work_prop,0.0541648,2021-03-17
13121,"Fulton (Scottish Rite, Hughes Spalding)",full_time_work_prop,0.0519915,2021-03-18
13121,"Fulton (Scottish Rite, Hughes Spalding)",full_time_work_prop,0.0471157,2021-03-19
13121,"Fulton (Scottish Rite, Hughes Spalding)",full_time_work_prop,0.0317803,2021-03-20
13121,"Fulton (Scottish Rite, Hughes Spalding)",full_time_work_prop,0.0328342,2021-03-21
13121,"Fulton (Scottish Rite, Hughes Spalding)",full_time_work_prop,0.0555009,2021-03-22
13121,"Fulton (Scottish Rite, Hughes Spalding)",full_time_work_prop,0.0581534,2021-03-23
13121,"Fulton (Scottish Rite, Hughes Spalding)",full_time_work_prop,0.0498872,2021-03-24
13121,"Fulton (Scottish Rite, Hughes Spalding)",full_time_work_prop,0.0539614,2021-03-25
13121,"Fulton (Scottish Rite, Hughes Spalding)",full_time_work_prop,0.0480834,2021-03-26
13121,"Fulton (Scottish Rite, Hughes Spalding)",full_time_work_prop,0.0323068,2021-03-27
13121,"Fulton (Scottish Rite, Hughes Spalding)",full_time_work_prop,0.0329325,2021-03-28
13121,"Fulton (Scottish Rite, Hughes Spalding)",full_time_work_prop,0.0511995,2021-03-29
13121,"Fulton (Scottish Rite, Hughes Spalding)",full_time_work_prop,0.0562357,2021-03-30
13121,"Fulton (Scottish Rite, Hughes Spalding)",full_time_work_prop,0.0608198,2021-03-31
13121,"Fulton (Scottish Rite, Hughes Spalding)",full_time_work_prop,0.0456321,2021-04-01
13121,"Fulton (Scottish Rite, Hughes Spalding)",full_time_work_prop,0.0442618,2021-04-02
13121,"Fulton (Scottish Rite, Hughes Spalding)",full_time_work_prop,0.0299974,2021-04-03
13121,"Fulton (Scottish Rite, Hughes Spalding)",full_time_work_prop,0.0340928,2021-04-04
13121,"Fulton (Scottish Rite, Hughes Spalding)",full_time_work_prop,0.0456797,2021-04-05
13121,"Fulton (Scottish Rite, Hughes Spalding)",full_time_work_prop,0.0466548,2021-04-06
13121,"Fulton (Scottish Rite, Hughes Spalding)",full_time_work_prop,0.0386527,2021-04-07
13121,"Fulton (Scottish Rite, Hughes Spalding)",full_time_work_prop,0.0530806,2021-04-08
13121,"Fulton (Scottish Rite, Hughes Spalding)",full_time_work_prop,0.0397473,2021-04-09
13121,"Fulton (Scottish Rite, Hughes Spalding)",full_time_work_prop,0.0274849,2021-04-10
13121,"Fulton (Scottish Rite, Hughes Spalding)",full_time_work_prop,0.0302938,2021-04-11
13121,"Fulton (Scottish Rite, Hughes Spalding)",full_time_work_prop,0.0567118,2021-04-12
13121,"Fulton (Scottish Rite, Hughes Spalding)",full_time_work_prop,0.0465811,2021-04-13
13121,"Fulton (Scottish Rite, Hughes Spalding)",full_time_work_prop,0.0528944,2021-04-14
13121,"Fulton (Scottish Rite, Hughes Spalding)",full_time_work_prop,0.0526031,2021-04-15
13121,"Fulton (Scottish Rite, Hughes Spalding)",full_time_work_prop,0.0516756,2021-04-16
13121,"Fulton (Scottish Rite, Hughes Spalding)",median_home_dwell_time,541.9390018,2021-01-01
13121,"Fulton (Scottish Rite, Hughes Spalding)",median_home_dwell_time,544.012939,2021-01-02
13121,"Fulton (Scottish Rite, Hughes Spalding)",median_home_dwell_time,642.8170055,2021-01-03
13121,"Fulton (Scottish Rite, Hughes Spalding)",median_home_dwell_time,648.310536,2021-01-04
13121,"Fulton (Scottish Rite, Hughes Spalding)",median_home_dwell_time,628.0720887,2021-01-05
13121,"Fulton (Scottish Rite, Hughes Spalding)",median_home_dwell_time,592.4462963,2021-01-06
13121,"Fulton (Scottish Rite, Hughes Spalding)",median_home_dwell_time,614.4842884,2021-01-07
13121,"Fulton (Scottish Rite, Hughes Spalding)",median_home_dwell_time,606.935305,2021-01-08
13121,"Fulton (Scottish Rite, Hughes Spalding)",median_home_dwell_time,630.4029575,2021-01-09
13121,"Fulton (Scottish Rite, Hughes Spalding)",median_home_dwell_time,651.2698706,2021-01-10
13121,"Fulton (Scottish Rite, Hughes Spalding)",median_home_dwell_time,604.5841035,2021-01-11
13121,"Fulton (Scottish Rite, Hughes Spalding)",median_home_dwell_time,609.3271719,2021-01-12
13121,"Fulton (Scottish Rite, Hughes Spalding)",median_home_dwell_time,578.87061,2021-01-13
13121,"Fulton (Scottish Rite, Hughes Spalding)",median_home_dwell_time,604.7301294,2021-01-14
13121,"Fulton (Scottish Rite, Hughes Spalding)",median_home_dwell_time,583.0110906,2021-01-15
13121,"Fulton (Scottish Rite, Hughes Spalding)",median_home_dwell_time,573.2107209,2021-01-16
13121,"Fulton (Scottish Rite, Hughes Spalding)",median_home_dwell_time,636.1722222,2021-01-17
13121,"Fulton (Scottish Rite, Hughes Spalding)",median_home_dwell_time,648.5600739,2021-01-18
13121,"Fulton (Scottish Rite, Hughes Spalding)",median_home_dwell_time,635.0092593,2021-01-19
13121,"Fulton (Scottish Rite, Hughes Spalding)",median_home_dwell_time,592.8890943,2021-01-20
13121,"Fulton (Scottish Rite, Hughes Spalding)",median_home_dwell_time,568.715342,2021-01-21
13121,"Fulton (Scottish Rite, Hughes Spalding)",median_home_dwell_time,591.0073937,2021-01-22
13121,"Fulton (Scottish Rite, Hughes Spalding)",median_home_dwell_time,602.8240741,2021-01-23
13121,"Fulton (Scottish Rite, Hughes Spalding)",median_home_dwell_time,669.2592593,2021-01-24
13121,"Fulton (Scottish Rite, Hughes Spalding)",median_home_dwell_time,608.0055659,2021-01-25
13121,"Fulton (Scottish Rite, Hughes Spalding)",median_home_dwell_time,509.1903882,2021-01-26
13121,"Fulton (Scottish Rite, Hughes Spalding)",median_home_dwell_time,585.2255083,2021-01-27
13121,"Fulton (Scottish Rite, Hughes Spalding)",median_home_dwell_time,607.4851852,2021-01-28
13121,"Fulton (Scottish Rite, Hughes Spalding)",median_home_dwell_time,583.5249538,2021-01-29
13121,"Fulton (Scottish Rite, Hughes Spalding)",median_home_dwell_time,592.862963,2021-01-30
13121,"Fulton (Scottish Rite, Hughes Spalding)",median_home_dwell_time,692.3925926,2021-01-31
13121,"Fulton (Scottish Rite, Hughes Spalding)",median_home_dwell_time,629.0296296,2021-02-01
13121,"Fulton (Scottish Rite, Hughes Spalding)",median_home_dwell_time,678.8428835,2021-02-02
13121,"Fulton (Scottish Rite, Hughes Spalding)",median_home_dwell_time,605.6968577,2021-02-03
13121,"Fulton (Scottish Rite, Hughes Spalding)",median_home_dwell_time,636.5387454,2021-02-04
13121,"Fulton (Scottish Rite, Hughes Spalding)",median_home_dwell_time,579.1700555,2021-02-05
13121,"Fulton (Scottish Rite, Hughes Spalding)",median_home_dwell_time,634.8022181,2021-02-06
13121,"Fulton (Scottish Rite, Hughes Spalding)",median_home_dwell_time,682.6321627,2021-02-07
13121,"Fulton (Scottish Rite, Hughes Spalding)",median_home_dwell_time,615.4602588,2021-02-08
13121,"Fulton (Scottish Rite, Hughes Spalding)",median_home_dwell_time,622.8207024,2021-02-09
13121,"Fulton (Scottish Rite, Hughes Spalding)",median_home_dwell_time,637.6111111,2021-02-10
13121,"Fulton (Scottish Rite, Hughes Spalding)",median_home_dwell_time,630.0537037,2021-02-11
13121,"Fulton (Scottish Rite, Hughes Spalding)",median_home_dwell_time,602.5951941,2021-02-12
13121,"Fulton (Scottish Rite, Hughes Spalding)",median_home_dwell_time,660.0702403,2021-02-13
13121,"Fulton (Scottish Rite, Hughes Spalding)",median_home_dwell_time,661.6574074,2021-02-14
13121,"Fulton (Scottish Rite, Hughes Spalding)",median_home_dwell_time,623.728281,2021-02-15
13121,"Fulton (Scottish Rite, Hughes Spalding)",median_home_dwell_time,657.2177122,2021-02-16
13121,"Fulton (Scottish Rite, Hughes Spalding)",median_home_dwell_time,571.3701657,2021-02-17
13121,"Fulton (Scottish Rite, Hughes Spalding)",median_home_dwell_time,614.519337,2021-02-18
13121,"Fulton (Scottish Rite, Hughes Spalding)",median_home_dwell_time,576.6107011,2021-02-19
13121,"Fulton (Scottish Rite, Hughes Spalding)",median_home_dwell_time,596.8560886,2021-02-20
13121,"Fulton (Scottish Rite, Hughes Spalding)",median_home_dwell_time,648.5369004,2021-02-21
13121,"Fulton (Scottish Rite, Hughes Spalding)",median_home_dwell_time,647.7679558,2021-02-22
13121,"Fulton (Scottish Rite, Hughes Spalding)",median_home_dwell_time,593.0811808,2021-02-23
13121,"Fulton (Scottish Rite, Hughes Spalding)",median_home_dwell_time,621.310536,2021-02-24
13121,"Fulton (Scottish Rite, Hughes Spalding)",median_home_dwell_time,630.2583026,2021-02-25
13121,"Fulton (Scottish Rite, Hughes Spalding)",median_home_dwell_time,589.6254613,2021-02-26
13121,"Fulton (Scottish Rite, Hughes Spalding)",median_home_dwell_time,620.8872458,2021-02-27
13121,"Fulton (Scottish Rite, Hughes Spalding)",median_home_dwell_time,638.6568266,2021-02-28
13121,"Fulton (Scottish Rite, Hughes Spalding)",median_home_dwell_time,551.7066421,2021-03-01
13121,"Fulton (Scottish Rite, Hughes Spalding)",median_home_dwell_time,570.2306273,2021-03-02
13121,"Fulton (Scottish Rite, Hughes Spalding)",median_home_dwell_time,616.2490775,2021-03-03
13121,"Fulton (Scottish Rite, Hughes Spalding)",median_home_dwell_time,599.8133087,2021-03-04
13121,"Fulton (Scottish Rite, Hughes Spalding)",median_home_dwell_time,565.2915129,2021-03-05
13121,"Fulton (Scottish Rite, Hughes Spalding)",median_home_dwell_time,643.1977819,2021-03-06
13121,"Fulton (Scottish Rite, Hughes Spalding)",median_home_dwell_time,838.3752311,2021-03-07
13121,"Fulton (Scottish Rite, Hughes Spalding)",median_home_dwell_time,617.7103321,2021-03-08
13121,"Fulton (Scottish Rite, Hughes Spalding)",median_home_dwell_time,597.2066421,2021-03-09
13121,"Fulton (Scottish Rite, Hughes Spalding)",median_home_dwell_time,586.5442804,2021-03-10
13121,"Fulton (Scottish Rite, Hughes Spalding)",median_home_dwell_time,589.5166052,2021-03-11
13121,"Fulton (Scottish Rite, Hughes Spalding)",median_home_dwell_time,555.8357934,2021-03-12
13121,"Fulton (Scottish Rite, Hughes Spalding)",median_home_dwell_time,532.2712177,2021-03-13
13121,"Fulton (Scottish Rite, Hughes Spalding)",median_home_dwell_time,568.0313653,2021-03-14
13121,"Fulton (Scottish Rite, Hughes Spalding)",median_home_dwell_time,585.0830258,2021-03-15
13121,"Fulton (Scottish Rite, Hughes Spalding)",median_home_dwell_time,605.8413284,2021-03-16
13121,"Fulton (Scottish Rite, Hughes Spalding)",median_home_dwell_time,594.9169742,2021-03-17
13121,"Fulton (Scottish Rite, Hughes Spalding)",median_home_dwell_time,610.6512915,2021-03-18
13121,"Fulton (Scottish Rite, Hughes Spalding)",median_home_dwell_time,556.4151292,2021-03-19
13121,"Fulton (Scottish Rite, Hughes Spalding)",median_home_dwell_time,554.3708487,2021-03-20
13121,"Fulton (Scottish Rite, Hughes Spalding)",median_home_dwell_time,604.9168207,2021-03-21
13121,"Fulton (Scottish Rite, Hughes Spalding)",median_home_dwell_time,590.3863216,2021-03-22
13121,"Fulton (Scottish Rite, Hughes Spalding)",median_home_dwell_time,582.0831793,2021-03-23
13121,"Fulton (Scottish Rite, Hughes Spalding)",median_home_dwell_time,563.0885609,2021-03-24
13121,"Fulton (Scottish Rite, Hughes Spalding)",median_home_dwell_time,577.5009242,2021-03-25
13121,"Fulton (Scottish Rite, Hughes Spalding)",median_home_dwell_time,515.300738,2021-03-26
13121,"Fulton (Scottish Rite, Hughes Spalding)",median_home_dwell_time,563.2495379,2021-03-27
13121,"Fulton (Scottish Rite, Hughes Spalding)",median_home_dwell_time,626.8136531,2021-03-28
13121,"Fulton (Scottish Rite, Hughes Spalding)",median_home_dwell_time,561.3837638,2021-03-29
13121,"Fulton (Scottish Rite, Hughes Spalding)",median_home_dwell_time,584.9557196,2021-03-30
13121,"Fulton (Scottish Rite, Hughes Spalding)",median_home_dwell_time,629.5202952,2021-03-31
13121,"Fulton (Scottish Rite, Hughes Spalding)",median_home_dwell_time,574.4069982,2021-04-01
13121,"Fulton (Scottish Rite, Hughes Spalding)",median_home_dwell_time,552.1881919,2021-04-02
13121,"Fulton (Scottish Rite, Hughes Spalding)",median_home_dwell_time,484.3081181,2021-04-03
13121,"Fulton (Scottish Rite, Hughes Spalding)",median_home_dwell_time,483.9188192,2021-04-04
13121,"Fulton (Scottish Rite, Hughes Spalding)",median_home_dwell_time,450.9944649,2021-04-05
13121,"Fulton (Scottish Rite, Hughes Spalding)",median_home_dwell_time,432.9372694,2021-04-06
13121,"Fulton (Scottish Rite, Hughes Spalding)",median_home_dwell_time,391.695572,2021-04-07
13121,"Fulton (Scottish Rite, Hughes Spalding)",median_home_dwell_time,423.1088561,2021-04-08
13121,"Fulton (Scottish Rite, Hughes Spalding)",median_home_dwell_time,416.3579336,2021-04-09
13121,"Fulton (Scottish Rite, Hughes Spalding)",median_home_dwell_time,440.7158672,2021-04-10
13121,"Fulton (Scottish Rite, Hughes Spalding)",median_home_dwell_time,503.0848708,2021-04-11
13121,"Fulton (Scottish Rite, Hughes Spalding)",median_home_dwell_time,570.4944649,2021-04-12
13121,"Fulton (Scottish Rite, Hughes Spalding)",median_home_dwell_time,588.3321033,2021-04-13
13121,"Fulton (Scottish Rite, Hughes Spalding)",median_home_dwell_time,585.7509225,2021-04-14
13121,"Fulton (Scottish Rite, Hughes Spalding)",median_home_dwell_time,424.3118081,2021-04-15
13121,"Fulton (Scottish Rite, Hughes Spalding)",median_home_dwell_time,528.7855823,2021-04-16
13121,"Fulton (Scottish Rite, Hughes Spalding)",part_time_work_prop,0.0508756,2021-01-01
13121,"Fulton (Scottish Rite, Hughes Spalding)",part_time_work_prop,0.0421619,2021-01-02
13121,"Fulton (Scottish Rite, Hughes Spalding)",part_time_work_prop,0.0394765,2021-01-03
13121,"Fulton (Scottish Rite, Hughes Spalding)",part_time_work_prop,0.0636249,2021-01-04
13121,"Fulton (Scottish Rite, Hughes Spalding)",part_time_work_prop,0.057328,2021-01-05
13121,"Fulton (Scottish Rite, Hughes Spalding)",part_time_work_prop,0.0740738,2021-01-06
13121,"Fulton (Scottish Rite, Hughes Spalding)",part_time_work_prop,0.0612023,2021-01-07
13121,"Fulton (Scottish Rite, Hughes Spalding)",part_time_work_prop,0.0609184,2021-01-08
13121,"Fulton (Scottish Rite, Hughes Spalding)",part_time_work_prop,0.052228,2021-01-09
13121,"Fulton (Scottish Rite, Hughes Spalding)",part_time_work_prop,0.0488152,2021-01-10
13121,"Fulton (Scottish Rite, Hughes Spalding)",part_time_work_prop,0.068029,2021-01-11
13121,"Fulton (Scottish Rite, Hughes Spalding)",part_time_work_prop,0.0611014,2021-01-12
13121,"Fulton (Scottish Rite, Hughes Spalding)",part_time_work_prop,0.0707948,2021-01-13
13121,"Fulton (Scottish Rite, Hughes Spalding)",part_time_work_prop,0.0717362,2021-01-14
13121,"Fulton (Scottish Rite, Hughes Spalding)",part_time_work_prop,0.0645097,2021-01-15
13121,"Fulton (Scottish Rite, Hughes Spalding)",part_time_work_prop,0.0468559,2021-01-16
13121,"Fulton (Scottish Rite, Hughes Spalding)",part_time_work_prop,0.0425614,2021-01-17
13121,"Fulton (Scottish Rite, Hughes Spalding)",part_time_work_prop,0.0505252,2021-01-18
13121,"Fulton (Scottish Rite, Hughes Spalding)",part_time_work_prop,0.0731083,2021-01-19
13121,"Fulton (Scottish Rite, Hughes Spalding)",part_time_work_prop,0.0736666,2021-01-20
13121,"Fulton (Scottish Rite, Hughes Spalding)",part_time_work_prop,0.0795442,2021-01-21
13121,"Fulton (Scottish Rite, Hughes Spalding)",part_time_work_prop,0.0767353,2021-01-22
13121,"Fulton (Scottish Rite, Hughes Spalding)",part_time_work_prop,0.0572046,2021-01-23
13121,"Fulton (Scottish Rite, Hughes Spalding)",part_time_work_prop,0.0483103,2021-01-24
13121,"Fulton (Scottish Rite, Hughes Spalding)",part_time_work_prop,0.0781203,2021-01-25
13121,"Fulton (Scottish Rite, Hughes Spalding)",part_time_work_prop,0.0832477,2021-01-26
13121,"Fulton (Scottish Rite, Hughes Spalding)",part_time_work_prop,0.0708448,2021-01-27
13121,"Fulton (Scottish Rite, Hughes Spalding)",part_time_work_prop,0.0771527,2021-01-28
13121,"Fulton (Scottish Rite, Hughes Spalding)",part_time_work_prop,0.0699841,2021-01-29
13121,"Fulton (Scottish Rite, Hughes Spalding)",part_time_work_prop,0.0564639,2021-01-30
13121,"Fulton (Scottish Rite, Hughes Spalding)",part_time_work_prop,0.0506558,2021-01-31
13121,"Fulton (Scottish Rite, Hughes Spalding)",part_time_work_prop,0.085486,2021-02-01
13121,"Fulton (Scottish Rite, Hughes Spalding)",part_time_work_prop,0.0846744,2021-02-02
13121,"Fulton (Scottish Rite, Hughes Spalding)",part_time_work_prop,0.0693805,2021-02-03
13121,"Fulton (Scottish Rite, Hughes Spalding)",part_time_work_prop,0.0768886,2021-02-04
13121,"Fulton (Scottish Rite, Hughes Spalding)",part_time_work_prop,0.0778958,2021-02-05
13121,"Fulton (Scottish Rite, Hughes Spalding)",part_time_work_prop,0.0519988,2021-02-06
13121,"Fulton (Scottish Rite, Hughes Spalding)",part_time_work_prop,0.0436155,2021-02-07
13121,"Fulton (Scottish Rite, Hughes Spalding)",part_time_work_prop,0.0729371,2021-02-08
13121,"Fulton (Scottish Rite, Hughes Spalding)",part_time_work_prop,0.0778093,2021-02-09
13121,"Fulton (Scottish Rite, Hughes Spalding)",part_time_work_prop,0.0748315,2021-02-10
13121,"Fulton (Scottish Rite, Hughes Spalding)",part_time_work_prop,0.0774772,2021-02-11
13121,"Fulton (Scottish Rite, Hughes Spalding)",part_time_work_prop,0.063309,2021-02-12
13121,"Fulton (Scottish Rite, Hughes Spalding)",part_time_work_prop,0.0470203,2021-02-13
13121,"Fulton (Scottish Rite, Hughes Spalding)",part_time_work_prop,0.0476794,2021-02-14
13121,"Fulton (Scottish Rite, Hughes Spalding)",part_time_work_prop,0.0543186,2021-02-15
13121,"Fulton (Scottish Rite, Hughes Spalding)",part_time_work_prop,0.0633693,2021-02-16
13121,"Fulton (Scottish Rite, Hughes Spalding)",part_time_work_prop,0.0732666,2021-02-17
13121,"Fulton (Scottish Rite, Hughes Spalding)",part_time_work_prop,0.0725472,2021-02-18
13121,"Fulton (Scottish Rite, Hughes Spalding)",part_time_work_prop,0.0753672,2021-02-19
13121,"Fulton (Scottish Rite, Hughes Spalding)",part_time_work_prop,0.0455557,2021-02-20
13121,"Fulton (Scottish Rite, Hughes Spalding)",part_time_work_prop,0.0448912,2021-02-21
13121,"Fulton (Scottish Rite, Hughes Spalding)",part_time_work_prop,0.0722329,2021-02-22
13121,"Fulton (Scottish Rite, Hughes Spalding)",part_time_work_prop,0.0793894,2021-02-23
13121,"Fulton (Scottish Rite, Hughes Spalding)",part_time_work_prop,0.0721223,2021-02-24
13121,"Fulton (Scottish Rite, Hughes Spalding)",part_time_work_prop,0.0785156,2021-02-25
13121,"Fulton (Scottish Rite, Hughes Spalding)",part_time_work_prop,0.0737595,2021-02-26
13121,"Fulton (Scottish Rite, Hughes Spalding)",part_time_work_prop,0.050386,2021-02-27
13121,"Fulton (Scottish Rite, Hughes Spalding)",part_time_work_prop,0.0499847,2021-02-28
13121,"Fulton (Scottish Rite, Hughes Spalding)",part_time_work_prop,0.0699719,2021-03-01
13121,"Fulton (Scottish Rite, Hughes Spalding)",part_time_work_prop,0.0739803,2021-03-02
13121,"Fulton (Scottish Rite, Hughes Spalding)",part_time_work_prop,0.0783123,2021-03-03
13121,"Fulton (Scottish Rite, Hughes Spalding)",part_time_work_prop,0.0761998,2021-03-04
13121,"Fulton (Scottish Rite, Hughes Spalding)",part_time_work_prop,0.0739377,2021-03-05
13121,"Fulton (Scottish Rite, Hughes Spalding)",part_time_work_prop,0.0570198,2021-03-06
13121,"Fulton (Scottish Rite, Hughes Spalding)",part_time_work_prop,0.0491303,2021-03-07
13121,"Fulton (Scottish Rite, Hughes Spalding)",part_time_work_prop,0.0685536,2021-03-08
13121,"Fulton (Scottish Rite, Hughes Spalding)",part_time_work_prop,0.0727597,2021-03-09
13121,"Fulton (Scottish Rite, Hughes Spalding)",part_time_work_prop,0.0851936,2021-03-10
13121,"Fulton (Scottish Rite, Hughes Spalding)",part_time_work_prop,0.0729503,2021-03-11
13121,"Fulton (Scottish Rite, Hughes Spalding)",part_time_work_prop,0.0752088,2021-03-12
13121,"Fulton (Scottish Rite, Hughes Spalding)",part_time_work_prop,0.0552291,2021-03-13
13121,"Fulton (Scottish Rite, Hughes Spalding)",part_time_work_prop,0.0493957,2021-03-14
13121,"Fulton (Scottish Rite, Hughes Spalding)",part_time_work_prop,0.0650869,2021-03-15
13121,"Fulton (Scottish Rite, Hughes Spalding)",part_time_work_prop,0.0773486,2021-03-16
13121,"Fulton (Scottish Rite, Hughes Spalding)",part_time_work_prop,0.0752906,2021-03-17
13121,"Fulton (Scottish Rite, Hughes Spalding)",part_time_work_prop,0.0749719,2021-03-18
13121,"Fulton (Scottish Rite, Hughes Spalding)",part_time_work_prop,0.0742657,2021-03-19
13121,"Fulton (Scottish Rite, Hughes Spalding)",part_time_work_prop,0.0550487,2021-03-20
13121,"Fulton (Scottish Rite, Hughes Spalding)",part_time_work_prop,0.054408,2021-03-21
13121,"Fulton (Scottish Rite, Hughes Spalding)",part_time_work_prop,0.0805713,2021-03-22
13121,"Fulton (Scottish Rite, Hughes Spalding)",part_time_work_prop,0.0784213,2021-03-23
13121,"Fulton (Scottish Rite, Hughes Spalding)",part_time_work_prop,0.0747741,2021-03-24
13121,"Fulton (Scottish Rite, Hughes Spalding)",part_time_work_prop,0.0703014,2021-03-25
13121,"Fulton (Scottish Rite, Hughes Spalding)",part_time_work_prop,0.0750381,2021-03-26
13121,"Fulton (Scottish Rite, Hughes Spalding)",part_time_work_prop,0.0548555,2021-03-27
13121,"Fulton (Scottish Rite, Hughes Spalding)",part_time_work_prop,0.0498797,2021-03-28
13121,"Fulton (Scottish Rite, Hughes Spalding)",part_time_work_prop,0.0727313,2021-03-29
13121,"Fulton (Scottish Rite, Hughes Spalding)",part_time_work_prop,0.0809064,2021-03-30
13121,"Fulton (Scottish Rite, Hughes Spalding)",part_time_work_prop,0.0835843,2021-03-31
13121,"Fulton (Scottish Rite, Hughes Spalding)",part_time_work_prop,0.0754769,2021-04-01
13121,"Fulton (Scottish Rite, Hughes Spalding)",part_time_work_prop,0.0689582,2021-04-02
13121,"Fulton (Scottish Rite, Hughes Spalding)",part_time_work_prop,0.0518755,2021-04-03
13121,"Fulton (Scottish Rite, Hughes Spalding)",part_time_work_prop,0.0603554,2021-04-04
13121,"Fulton (Scottish Rite, Hughes Spalding)",part_time_work_prop,0.0696972,2021-04-05
13121,"Fulton (Scottish Rite, Hughes Spalding)",part_time_work_prop,0.0759154,2021-04-06
13121,"Fulton (Scottish Rite, Hughes Spalding)",part_time_work_prop,0.0655348,2021-04-07
13121,"Fulton (Scottish Rite, Hughes Spalding)",part_time_work_prop,0.0836914,2021-04-08
13121,"Fulton (Scottish Rite, Hughes Spalding)",part_time_work_prop,0.0667289,2021-04-09
13121,"Fulton (Scottish Rite, Hughes Spalding)",part_time_work_prop,0.0441147,2021-04-10
13121,"Fulton (Scottish Rite, Hughes Spalding)",part_time_work_prop,0.0470215,2021-04-11
13121,"Fulton (Scottish Rite, Hughes Spalding)",part_time_work_prop,0.0759845,2021-04-12
13121,"Fulton (Scottish Rite, Hughes Spalding)",part_time_work_prop,0.0642207,2021-04-13
13121,"Fulton (Scottish Rite, Hughes Spalding)",part_time_work_prop,0.0744142,2021-04-14
13121,"Fulton (Scottish Rite, Hughes Spalding)",part_time_work_prop,0.0738482,2021-04-15
13121,"Fulton (Scottish Rite, Hughes Spalding)",part_time_work_prop,0.08222,2021-04-16
